"","Date","Region","monthly_inflation","Unemployment_Rate","wage_growth","Real_GDP_Index","POPTHM","real_wage_growth","pre_2020","pre_mid_2020","post_2020"
"1",2018-01-01,"New England",0.00700000000000003,0.043,0.035,20001.73,327969,0.028,0,0,0
"2",2018-02-01,"New England",0.00365441906653421,0.042,0.035,20097.48,328085,0.0313455809334658,0,0,0
"3",2018-03-01,"New England",0.00295840424268816,0.039,0.034,20032.979,328219,0.0310415957573118,0,0,0
"4",2018-04-01,"New England",0.00441958428285333,0.034,0.033,20090.314,328364,0.0285804157171467,0,0,0
"5",2018-05-01,"New England",0.00429209841378969,0.033,0.034,20178.485,328521,0.0297079015862103,0,0,0
"6",2018-06-01,"New England",-0.000811720064155209,0.036,0.034,20182.623,328692,0.0348117200641552,0,0,0
"7",2018-07-01,"New England",0.000303418845246659,0.036,0.035,20258.177,328863,0.0346965811547533,0,0,0
"8",2018-08-01,"New England",-0.000665362035225028,0.034,0.035,20287.991,329040,0.035665362035225,0,0,0
"9",2018-09-01,"New England",0.00408295147456235,0.031,0.039,20282.317,329216,0.0349170485254377,0,0,0
"10",2018-10-01,"New England",-0.00083862348730863,0.029,0.038,20285.465,329379,0.0388386234873086,0,0,0
"11",2018-11-01,"New England",-0.00323043440071039,0.028,0.038,20302.399,329527,0.0412304344007104,0,0,0
"12",2018-12-01,"New England",0.000362276269925116,0.03,0.038,20326.767,329659,0.0376377237300749,0,0,0
"13",2019-01-01,"New England",0.0052462097113606,0.04,0.038,20439.896,329766,0.0327537902886394,0,0,0
"14",2019-02-01,"New England",-0.000632880580302787,0.037,0.039,20397.279,329862,0.0396328805803028,0,0,0
"15",2019-03-01,"New England",0.00854442712392825,0.035,0.04,20457.77,329977,0.0314555728760718,0,0,0
"16",2019-04-01,"New England",0.00424084932909577,0.028,0.044,20529.751,330103,0.0397591506709042,0,0,0
"17",2019-05-01,"New England",0.00258763322944314,0.03,0.043,20572.892,330240,0.0404123667705569,0,0,0
"18",2019-06-01,"New England",-0.000757975533701065,0.031,0.044,20704.215,330393,0.0447579755337011,0,0,0
"19",2019-07-01,"New England",-0.000604920016131223,0.033,0.044,20808.131,330553,0.0446049200161312,0,0,0
"20",2019-08-01,"New England",0.000807048221131243,0.031,0.045,20841.719,330729,0.0441929517788688,0,0,0
"21",2019-09-01,"New England",0.00171839450113762,0.028,0.044,20880.121,330904,0.0422816054988624,0,0,0
"22",2019-10-01,"New England",-0.00255879477890873,0.027,0.046,20901.125,331066,0.0485587947789087,0,0,0
"23",2019-11-01,"New England",0.0026902641262887,0.027,0.045,21031.694,331213,0.0423097358737113,0,0,0
"24",2019-12-01,"New England",-0.000824078421602339,0.027,0.045,21023.709,331345,0.0458240784216023,0,0,0
"25",2020-01-01,"New England",0.00710634584216432,0.037,0.044,20997.514,331443,0.0368936541578357,1,0,0
"26",2020-02-01,"New England",0.00197116574932874,0.035,0.044,21065.812,331525,0.0420288342506713,1,0,0
"27",2020-03-01,"New England",-0.00158713564782697,0.039,0.043,20017.153,331642,0.044587135647827,1,0,0
"28",2020-04-01,"New England",-0.00310316599082384,0.139,0.039,18205.46,331699,0.0421031659908238,1,0,0
"29",2020-05-01,"New England",-0.00587235505308986,0.134,0.042,18963.824,331701,0.0478723550530899,1,0,0
"30",2020-06-01,"New England",0.0046391901107451,0.123,0.04,20003.128,331744,0.0353608098892549,1,0,0
"31",2020-07-01,"New England",0.000525832727828909,0.114,0.041,20343.438,331811,0.0404741672721711,1,1,0
"32",2020-08-01,"New England",0.00203533649941241,0.089,0.041,20546.906,331885,0.0389646635005876,1,1,0
"33",2020-09-01,"New England",0.000562633506255698,0.083,0.039,20760.257,331966,0.0384373664937443,1,1,0
"34",2020-10-01,"New England",-0.0055945788816561,0.068,0.037,20877.365,332041,0.0425945788816561,1,1,0
"35",2020-11-01,"New England",0.00459093697285692,0.065,0.04,20662.384,332079,0.0354090630271431,1,1,0
"36",2020-12-01,"New England",0.00272861708724898,0.065,0.039,20779.743,332062,0.036271382912751,1,1,0
"37",2021-01-01,"New England",0.00529966413259629,0.07,0.042,21103.554,332007,0.0367003358674037,1,1,1
"38",2021-02-01,"New England",0.00287720759431375,0.068,0.041,20796.996,331983,0.0381227924056862,1,1,1
"39",2021-03-01,"New England",0.00972046582737209,0.063,0.04,21279.419,332023,0.0302795341726279,1,1,1
"40",2021-04-01,"New England",0.00536488709436218,0.057,0.039,21392.051,332089,0.0336351129056378,1,1,1
"41",2021-05-01,"New England",0.00257516315564399,0.055,0.039,21372.924,332161,0.036424836844356,1,1,1
"42",2021-06-01,"New England",0.00828982873250921,0.059,0.04,21406.61,332249,0.0317101712674908,1,1,1
"43",2021-07-01,"New England",0.00238189392754996,0.055,0.041,21534.529,332375,0.03861810607245,1,1,1
"44",2021-08-01,"New England",0.00181658042496979,0.051,0.041,21554.189,332506,0.0391834195750302,1,1,1
"45",2021-09-01,"New England",0.000174002234554932,0.045,0.044,21630.124,332610,0.0438259977654451,1,1,1
"46",2021-10-01,"New England",0.00911979343118502,0.042,0.042,21910.79,332708,0.032880206568815,1,1,1
"47",2021-11-01,"New England",0.00910089012694063,0.038,0.041,21889.444,332806,0.0318991098730594,1,1,1
"48",2021-12-01,"New England",0.00380354637988708,0.035,0.043,22085.674,332891,0.0391964536201129,1,1,1
"49",2022-01-01,"New England",0.00885027097236529,0.045,0.043,21919.366,332933,0.0341497290276347,1,1,1
"50",2022-02-01,"New England",0.00622430587002649,0.042,0.044,21878.75,332972,0.0377756941299735,1,1,1
"51",2022-03-01,"New England",0.014365888955561,0.037,0.048,21918.133,333067,0.033634111044439,1,1,1
"52",2022-04-01,"New England",0.00141798315818774,0.032,0.049,21942.301,333191,0.0475820168418123,1,1,1
"53",2022-05-01,"New England",0.0113017417365244,0.033,0.052,21936.131,333317,0.0406982582634756,1,1,1
"54",2022-06-01,"New England",0.00795423309510722,0.036,0.055,21883.98,333451,0.0470457669048928,1,1,1
"55",2022-07-01,"New England",-0.00325544135944508,0.036,0.052,21953.155,333599,0.0552554413594451,1,1,1
"56",2022-08-01,"New England",0.00178693570451439,0.035,0.053,22185.761,333762,0.0512130642954856,1,1,1
"57",2022-09-01,"New England",0.00103269636166571,0.031,0.055,22066.351,333925,0.0539673036383343,1,1,1
"58",2022-10-01,"New England",0.00540540540540541,0.031,0.058,22231.955,334071,0.0525945945945946,1,1,1
"59",2022-11-01,"New England",0.00378209694379429,0.03,0.062,22262.038,334206,0.0582179030562057,1,1,1
"60",2022-12-01,"New England",-0.00463799949311486,0.029,0.061,22259.166,334326,0.0656379994931149,1,1,1
"61",2023-01-01,"New England",0.00865720032931308,0.037,0.06,22415.615,334433,0.0513427996706869,1,1,1
"62",2023-02-01,"New England",0.00203633426174472,0.037,0.061,22354.843,334544,0.0589636657382553,1,1,1
"63",2023-03-01,"New England",0.000134360068187779,0.034,0.066,22444.569,334664,0.0658656399318122,1,1,1
"64",2023-04-01,"New England",0.00302269540466334,0.026,0.066,22439.623,334792,0.0629773045953367,1,1,1
"65",2023-05-01,"New England",-0.002452724365682,0.029,0.064,22571.293,334929,0.066452724365682,1,1,1
"66",2023-06-01,"New England",0.00248392998002791,0.032,0.063,22612.29,335080,0.0605160700199721,1,1,1
"67",2023-07-01,"New England",-0.000602702114479941,0.032,0.065,22692.347,335248,0.0656027021144799,1,1,1
"68",2023-08-01,"New England",0.00406231677694949,0.033,0.065,22827.169,335431,0.0609376832230505,1,1,1
"69",2023-09-01,"New England",0.00249426485922842,0.031,0.062,22828.208,335612,0.0595057351407716,1,1,1
"70",2023-10-01,"New England",0.00117329871686048,0.031,0.061,22801.215,335773,0.0598267012831395,1,1,1
"71",2023-11-01,"New England",0.00357395171009439,0.031,0.06,22925.249,335925,0.0564260482899056,1,1,1
"72",2023-12-01,"New England",-0.00137479812828698,0.033,0.063,23160.058,336070,0.064374798128287,1,1,1
"73",2024-01-01,"New England",0.0050008707983978,0.038,0.061,22957.423,336194,0.0559991292016022,1,1,1
"74",2024-02-01,"New England",0.00364740638048549,0.041,0.06,23107.433,336306,0.0563525936195145,1,1,1
"75",2024-03-01,"New England",0.00972669867789258,0.036,0.056,23100.549,336423,0.0462733013221074,1,1,1
"76",2024-04-01,"New England",0.00346885763840825,0.031,0.057,23165.934,336550,0.0535311423615918,1,1,1
"77",2024-05-01,"New England",0.00340817800426835,0.035,0.056,23248.626,336687,0.0525918219957316,1,1,1
"78",2024-06-01,"New England",0.00296798298464243,0.034,0.052,23261.861,336839,0.0490320170153576,1,1,1
"79",2024-07-01,"New England",-0.003305918400258,0.039,0.052,23385.227,337005,0.055305918400258,1,1,1
"80",2024-08-01,"New England",0.00216001941590483,0.039,0.052,23427.13,337185,0.0498399805840952,1,1,1
"81",2018-01-01,"Middle Atlantic",0.00477000000000004,0.05,0.032,20001.73,327969,0.02723,0,0,0
"82",2018-02-01,"Middle Atlantic",0.00424972879365419,0.05,0.029,20097.48,328085,0.0247502712063458,0,0,0
"83",2018-03-01,"Middle Atlantic",0.000475699674938573,0.046,0.03,20032.979,328219,0.0295243003250614,0,0,0
"84",2018-04-01,"Middle Atlantic",0.00415048736032963,0.04,0.028,20090.314,328364,0.0238495126396704,0,0,0
"85",2018-05-01,"Middle Atlantic",0.00446873366150085,0.038,0.027,20178.485,328521,0.0225312663384992,0,0,0
"86",2018-06-01,"Middle Atlantic",0.000854415461973634,0.043,0.029,20182.623,328692,0.0281455845380264,0,0,0
"87",2018-07-01,"Middle Atlantic",-0.00071631129122477,0.045,0.026,20258.177,328863,0.0267163112912248,0,0,0
"88",2018-08-01,"Middle Atlantic",0.00326007973448033,0.043,0.025,20287.991,329040,0.0217399202655197,0,0,0
"89",2018-09-01,"Middle Atlantic",0,0.037,0.027,20282.317,329216,0.027,0,0,0
"90",2018-10-01,"Middle Atlantic",-0.000939610453166327,0.036,0.028,20285.465,329379,0.0289396104531663,0,0,0
"91",2018-11-01,"Middle Atlantic",-0.00383055430374034,0.035,0.026,20302.399,329527,0.0298305543037403,0,0,0
"92",2018-12-01,"Middle Atlantic",-0.00115063481604599,0.038,0.027,20326.767,329659,0.028150634816046,0,0,0
"93",2019-01-01,"Middle Atlantic",0.00234330386152846,0.046,0.029,20439.896,329766,0.0266566961384715,0,0,0
"94",2019-02-01,"Middle Atlantic",0.00327099131664766,0.044,0.03,20397.279,329862,0.0267290086833523,0,0,0
"95",2019-03-01,"Middle Atlantic",0.00366174843592425,0.041,0.03,20457.77,329977,0.0263382515640757,0,0,0
"96",2019-04-01,"Middle Atlantic",0.00377520461218796,0.034,0.03,20529.751,330103,0.026224795387812,0,0,0
"97",2019-05-01,"Middle Atlantic",0.00247818227759538,0.035,0.033,20572.892,330240,0.0305218177224046,0,0,0
"98",2019-06-01,"Middle Atlantic",0.00222969763361211,0.038,0.033,20704.215,330393,0.0307703023663879,0,0,0
"99",2019-07-01,"Middle Atlantic",0.00146058829788273,0.043,0.036,20808.131,330553,0.0345394117021173,0,0,0
"100",2019-08-01,"Middle Atlantic",0.000550543782718604,0.042,0.036,20841.719,330729,0.0354494562172814,0,0,0
"101",2019-09-01,"Middle Atlantic",-0.000540587502775312,0.036,0.036,20880.121,330904,0.0365405875027753,0,0,0
"102",2019-10-01,"Middle Atlantic",-0.000164195682619365,0.037,0.036,20901.125,331066,0.0361641956826194,0,0,0
"103",2019-11-01,"Middle Atlantic",0.000521648408972372,0.037,0.041,21031.694,331213,0.0404783515910276,0,0,0
"104",2019-12-01,"Middle Atlantic",-0.000772409531533603,0.038,0.041,21023.709,331345,0.0417724095315336,0,0,0
"105",2020-01-01,"Middle Atlantic",0.00692807173501332,0.045,0.038,20997.514,331443,0.0310719282649867,1,0,0
"106",2020-02-01,"Middle Atlantic",0.00311873254709289,0.044,0.037,21065.812,331525,0.0338812674529071,1,0,0
"107",2020-03-01,"Middle Atlantic",-0.00217154227332738,0.052,0.035,20017.153,331642,0.0371715422733274,1,0,0
"108",2020-04-01,"Middle Atlantic",-0.00491817423566976,0.15,0.035,18205.46,331699,0.0399181742356698,1,0,0
"109",2020-05-01,"Middle Atlantic",0.00230263791741338,0.153,0.036,18963.824,331701,0.0336973620825866,1,0,0
"110",2020-06-01,"Middle Atlantic",0.00301827304797509,0.132,0.036,20003.128,331744,0.0329817269520249,1,0,0
"111",2020-07-01,"Middle Atlantic",0.0051750409690744,0.129,0.037,20343.438,331811,0.0318249590309256,1,1,0
"112",2020-08-01,"Middle Atlantic",0.000495771639955309,0.108,0.038,20546.906,331885,0.0375042283600447,1,1,0
"113",2020-09-01,"Middle Atlantic",0.0014294018429755,0.089,0.037,20760.257,331966,0.0355705981570245,1,1,0
"114",2020-10-01,"Middle Atlantic",-0.000675617809666073,0.079,0.035,20877.365,332041,0.0356756178096661,1,1,0
"115",2020-11-01,"Middle Atlantic",-0.000847473766401937,0.077,0.034,20662.384,332079,0.0348474737664019,1,1,0
"116",2020-12-01,"Middle Atlantic",0.00240162395524588,0.079,0.036,20779.743,332062,0.0335983760447541,1,1,0
"117",2021-01-01,"Middle Atlantic",0.00404065373023642,0.083,0.036,21103.554,332007,0.0319593462697636,1,1,1
"118",2021-02-01,"Middle Atlantic",0.00414749161979435,0.082,0.037,20796.996,331983,0.0328525083802057,1,1,1
"119",2021-03-01,"Middle Atlantic",0.00493191505412844,0.076,0.039,21279.419,332023,0.0340680849458716,1,1,1
"120",2021-04-01,"Middle Atlantic",0.0080606566760818,0.071,0.04,21392.051,332089,0.0319393433239182,1,1,1
"121",2021-05-01,"Middle Atlantic",0.00699085882374848,0.067,0.037,21372.924,332161,0.0300091411762515,1,1,1
"122",2021-06-01,"Middle Atlantic",0.0109542693918299,0.073,0.036,21406.61,332249,0.0250457306081701,1,1,1
"123",2021-07-01,"Middle Atlantic",0.00141731131471627,0.071,0.034,21534.529,332375,0.0325826886852837,1,1,1
"124",2021-08-01,"Middle Atlantic",0.00129660235397254,0.067,0.038,21554.189,332506,0.0367033976460275,1,1,1
"125",2021-09-01,"Middle Atlantic",0.00373886320320262,0.057,0.038,21630.124,332610,0.0342611367967974,1,1,1
"126",2021-10-01,"Middle Atlantic",0.00530576274882122,0.053,0.039,21910.79,332708,0.0336942372511788,1,1,1
"127",2021-11-01,"Middle Atlantic",0.00422040071213613,0.048,0.035,21889.444,332806,0.0307795992878639,1,1,1
"128",2021-12-01,"Middle Atlantic",0.00128689704823615,0.046,0.036,22085.674,332891,0.0347131029517639,1,1,1
"129",2022-01-01,"Middle Atlantic",0.00726207274655539,0.054,0.035,21919.366,332933,0.0277379272534446,1,1,1
"130",2022-02-01,"Middle Atlantic",0.00688849033202172,0.051,0.041,21878.75,332972,0.0341115096679783,1,1,1
"131",2022-03-01,"Middle Atlantic",0.0123091374741898,0.045,0.042,21918.133,333067,0.0296908625258102,1,1,1
"132",2022-04-01,"Middle Atlantic",0.00843021219973382,0.04,0.044,21942.301,333191,0.0355697878002662,1,1,1
"133",2022-05-01,"Middle Atlantic",0.00768262511393728,0.039,0.046,21936.131,333317,0.0383173748860627,1,1,1
"134",2022-06-01,"Middle Atlantic",0.0130427291523087,0.042,0.05,21883.98,333451,0.0369572708476913,1,1,1
"135",2022-07-01,"Middle Atlantic",-0.00116502542646734,0.043,0.05,21953.155,333599,0.0511650254264673,1,1,1
"136",2022-08-01,"Middle Atlantic",0.00357577666720589,0.043,0.048,22185.761,333762,0.0444242233327941,1,1,1
"137",2022-09-01,"Middle Atlantic",0.000941659526455578,0.034,0.051,22066.351,333925,0.0500583404735444,1,1,1
"138",2022-10-01,"Middle Atlantic",0.00172898938875134,0.036,0.053,22231.955,334071,0.0512710106112487,1,1,1
"139",2022-11-01,"Middle Atlantic",0.00028766752402875,0.036,0.057,22262.038,334206,0.0567123324759713,1,1,1
"140",2022-12-01,"Middle Atlantic",0.00072742036438684,0.036,0.056,22259.166,334326,0.0552725796356132,1,1,1
"141",2023-01-01,"Middle Atlantic",0.00647440665359393,0.043,0.061,22415.615,334433,0.0545255933464061,1,1,1
"142",2023-02-01,"Middle Atlantic",0.00655872621307035,0.044,0.058,22354.843,334544,0.0514412737869296,1,1,1
"143",2023-03-01,"Middle Atlantic",-0.00328719578838461,0.04,0.058,22444.569,334664,0.0612871957883846,1,1,1
"144",2023-04-01,"Middle Atlantic",0.00155694136357923,0.034,0.061,22439.623,334792,0.0594430586364208,1,1,1
"145",2023-05-01,"Middle Atlantic",0.0025992260825234,0.037,0.062,22571.293,334929,0.0594007739174766,1,1,1
"146",2023-06-01,"Middle Atlantic",0.00384288357980026,0.041,0.061,22612.29,335080,0.0571571164201997,1,1,1
"147",2023-07-01,"Middle Atlantic",0.00292302965380371,0.042,0.062,22692.347,335248,0.0590769703461963,1,1,1
"148",2023-08-01,"Middle Atlantic",0.00498447526392043,0.045,0.059,22827.169,335431,0.0540155247360796,1,1,1
"149",2023-09-01,"Middle Atlantic",0.00312250261581688,0.039,0.058,22828.208,335612,0.0548774973841831,1,1,1
"150",2023-10-01,"Middle Atlantic",-0.000739183284602019,0.04,0.058,22801.215,335773,0.058739183284602,1,1,1
"151",2023-11-01,"Middle Atlantic",-0.00147946016142548,0.038,0.057,22925.249,335925,0.0584794601614255,1,1,1
"152",2023-12-01,"Middle Atlantic",2.46942034473117e-05,0.04,0.059,23160.058,336070,0.0589753057965527,1,1,1
"153",2024-01-01,"Middle Atlantic",0.00684835664134196,0.043,0.057,22957.423,336194,0.050151643358658,1,1,1
"154",2024-02-01,"Middle Atlantic",0.0049133018860212,0.044,0.058,23107.433,336306,0.0530866981139788,1,1,1
"155",2024-03-01,"Middle Atlantic",0.00552382811864436,0.041,0.056,23100.549,336423,0.0504761718813556,1,1,1
"156",2024-04-01,"Middle Atlantic",0.00425562899976534,0.036,0.054,23165.934,336550,0.0497443710002347,1,1,1
"157",2024-05-01,"Middle Atlantic",0.00474514005816622,0.039,0.052,23248.626,336687,0.0472548599418338,1,1,1
"158",2024-06-01,"Middle Atlantic",0.00238942878219316,0.042,0.052,23261.861,336839,0.0496105712178068,1,1,1
"159",2024-07-01,"Middle Atlantic",0.00170380917337265,0.047,0.053,23385.227,337005,0.0512961908266273,1,1,1
"160",2024-08-01,"Middle Atlantic",0.00258730146054763,0.048,0.053,23427.13,337185,0.0504126985394524,1,1,1
"161",2018-01-01,"East North Central",0.00694000000000003,0.047,0.029,20001.73,327969,0.02206,0,0,0
"162",2018-02-01,"East North Central",0.000854072735217575,0.047,0.031,20097.48,328085,0.0301459272647824,0,0,0
"163",2018-03-01,"East North Central",0.0012204802540187,0.043,0.03,20032.979,328219,0.0287795197459813,0,0,0
"164",2018-04-01,"East North Central",0.00521292726678093,0.038,0.031,20090.314,328364,0.0257870727332191,0,0,0
"165",2018-05-01,"East North Central",0.00456476944463609,0.037,0.029,20178.485,328521,0.0244352305553639,0,0,0
"166",2018-06-01,"East North Central",0.000902916813881352,0.044,0.03,20182.623,328692,0.0290970831861186,0,0,0
"167",2018-07-01,"East North Central",-0.00132373705679313,0.043,0.032,20258.177,328863,0.0333237370567931,0,0,0
"168",2018-08-01,"East North Central",-0.000481104380013614,0.039,0.032,20287.991,329040,0.0324811043800136,0,0,0
"169",2018-09-01,"East North Central",0.00173870333988219,0.036,0.032,20282.317,329216,0.0302612966601178,0,0,0
"170",2018-10-01,"East North Central",4.90306637770816e-05,0.037,0.032,20285.465,329379,0.0319509693362229,0,0,0
"171",2018-11-01,"East North Central",-0.00404973426683137,0.036,0.032,20302.399,329527,0.0360497342668314,0,0,0
"172",2018-12-01,"East North Central",-0.00337701464029383,0.039,0.032,20326.767,329659,0.0353770146402938,0,0,0
"173",2019-01-01,"East North Central",0.00228202240531083,0.048,0.032,20439.896,329766,0.0297179775946892,0,0,0
"174",2019-02-01,"East North Central",0.00744157623426683,0.044,0.031,20397.279,329862,0.0235584237657332,0,0,0
"175",2019-03-01,"East North Central",0.0043439126521348,0.043,0.031,20457.77,329977,0.0266560873478652,0,0,0
"176",2019-04-01,"East North Central",0.00264962593516201,0.035,0.031,20529.751,330103,0.028350374064838,0,0,0
"177",2019-05-01,"East North Central",0.00308953831804755,0.035,0.03,20572.892,330240,0.0269104616819524,0,0,0
"178",2019-06-01,"East North Central",-0.000658621157236095,0.041,0.03,20704.215,330393,0.0306586211572361,0,0,0
"179",2019-07-01,"East North Central",0.00246176510496428,0.042,0.03,20808.131,330553,0.0275382348950357,0,0,0
"180",2019-08-01,"East North Central",0.000860468713744282,0.038,0.03,20841.719,330729,0.0291395312862557,0,0,0
"181",2019-09-01,"East North Central",0.000415374658281819,0.034,0.03,20880.121,330904,0.0295846253417182,0,0,0
"182",2019-10-01,"East North Central",0.0023174075933723,0.033,0.03,20901.125,331066,0.0276825924066277,0,0,0
"183",2019-11-01,"East North Central",-0.00183037262533234,0.033,0.031,21031.694,331213,0.0328303726253323,0,0,0
"184",2019-12-01,"East North Central",-8.68608489200334e-05,0.034,0.032,21023.709,331345,0.03208686084892,0,0,0
"185",2020-01-01,"East North Central",0.00506732300564636,0.042,0.03,20997.514,331443,0.0249326769943536,1,0,0
"186",2020-02-01,"East North Central",0.00135407663497556,0.039,0.031,21065.812,331525,0.0296459233650244,1,0,0
"187",2020-03-01,"East North Central",-0.00571587497962045,0.049,0.031,20017.153,331642,0.0367158749796204,1,0,0
"188",2020-04-01,"East North Central",-0.0120761996624065,0.175,0.031,18205.46,331699,0.0430761996624065,1,0,0
"189",2020-05-01,"East North Central",0.0045302324673169,0.146,0.032,18963.824,331701,0.0274697675326831,1,0,0
"190",2020-06-01,"East North Central",0.00813513855005981,0.12,0.03,20003.128,331744,0.0218648614499402,1,0,0
"191",2020-07-01,"East North Central",0.00510971424164129,0.108,0.03,20343.438,331811,0.0248902857583587,1,1,0
"192",2020-08-01,"East North Central",0.00470965142824256,0.084,0.029,20546.906,331885,0.0242903485717574,1,1,0
"193",2020-09-01,"East North Central",0.000926058523079805,0.076,0.028,20760.257,331966,0.0270739414769202,1,1,0
"194",2020-10-01,"East North Central",-0.00052459892027997,0.063,0.028,20877.365,332041,0.02852459892028,1,1,0
"195",2020-11-01,"East North Central",-0.00315878878105111,0.06,0.028,20662.384,332079,0.0311587887810511,1,1,0
"196",2020-12-01,"East North Central",0.000220188404687104,0.062,0.028,20779.743,332062,0.0277798115953129,1,1,0
"197",2021-01-01,"East North Central",0.00521635926836974,0.066,0.028,21103.554,332007,0.0227836407316303,1,1,1
"198",2021-02-01,"East North Central",0.00857899146861666,0.064,0.028,20796.996,331983,0.0194210085313833,1,1,1
"199",2021-03-01,"East North Central",0.00658956809063023,0.06,0.028,21279.419,332023,0.0214104319093698,1,1,1
"200",2021-04-01,"East North Central",0.00794387702465691,0.055,0.028,21392.051,332089,0.0200561229753431,1,1,1
"201",2021-05-01,"East North Central",0.00956546012840798,0.054,0.03,21372.924,332161,0.020434539871592,1,1,1
"202",2021-06-01,"East North Central",0.00901399104130946,0.061,0.029,21406.61,332249,0.0199860089586905,1,1,1
"203",2021-07-01,"East North Central",0.00602871862325986,0.056,0.031,21534.529,332375,0.0249712813767401,1,1,1
"204",2021-08-01,"East North Central",0.00101692452967249,0.051,0.032,21554.189,332506,0.0309830754703275,1,1,1
"205",2021-09-01,"East North Central",0.00196828967418909,0.044,0.032,21630.124,332610,0.0300317103258109,1,1,1
"206",2021-10-01,"East North Central",0.00865432489928939,0.04,0.033,21910.79,332708,0.0243456751007106,1,1,1
"207",2021-11-01,"East North Central",0.00473878353272715,0.036,0.034,21889.444,332806,0.0292612164672729,1,1,1
"208",2021-12-01,"East North Central",0.00282271391437175,0.035,0.04,22085.674,332891,0.0371772860856283,1,1,1
"209",2022-01-01,"East North Central",0.00895203313588381,0.046,0.041,21919.366,332933,0.0320479668641162,1,1,1
"210",2022-02-01,"East North Central",0.00897854683499612,0.045,0.044,21878.75,332972,0.0350214531650039,1,1,1
"211",2022-03-01,"East North Central",0.0124861095312677,0.041,0.047,21918.133,333067,0.0345138904687323,1,1,1
"212",2022-04-01,"East North Central",0.0041740843804553,0.036,0.049,21942.301,333191,0.0448259156195447,1,1,1
"213",2022-05-01,"East North Central",0.0160503283217294,0.037,0.051,21936.131,333317,0.0349496716782706,1,1,1
"214",2022-06-01,"East North Central",0.0182615913672478,0.042,0.056,21883.98,333451,0.0377384086327522,1,1,1
"215",2022-07-01,"East North Central",-0.00328569764927058,0.042,0.058,21953.155,333599,0.0612856976492706,1,1,1
"216",2022-08-01,"East North Central",-0.00283751867337647,0.041,0.062,22185.761,333762,0.0648375186733765,1,1,1
"217",2022-09-01,"East North Central",0.002602880744541,0.036,0.065,22066.351,333925,0.062397119255459,1,1,1
"218",2022-10-01,"East North Central",0.00283820558625644,0.036,0.065,22231.955,334071,0.0621617944137436,1,1,1
"219",2022-11-01,"East North Central",-0.00213927780644951,0.034,0.065,22262.038,334206,0.0671392778064495,1,1,1
"220",2022-12-01,"East North Central",-0.00587268616999085,0.034,0.062,22259.166,334326,0.0678726861699908,1,1,1
"221",2023-01-01,"East North Central",0.00924706099535972,0.042,0.063,22415.615,334433,0.0537529390046403,1,1,1
"222",2023-02-01,"East North Central",0.00384951153606314,0.042,0.061,22354.843,334544,0.0571504884639369,1,1,1
"223",2023-03-01,"East North Central",0.00756182809057626,0.039,0.062,22444.569,334664,0.0544381719094237,1,1,1
"224",2023-04-01,"East North Central",0.00642000476773726,0.032,0.061,22439.623,334792,0.0545799952322627,1,1,1
"225",2023-05-01,"East North Central",0.003267119707266,0.036,0.06,22571.293,334929,0.056732880292734,1,1,1
"226",2023-06-01,"East North Central",0.00284127914549957,0.04,0.059,22612.29,335080,0.0561587208545004,1,1,1
"227",2023-07-01,"East North Central",0.00306053693345572,0.04,0.058,22692.347,335248,0.0549394630665443,1,1,1
"228",2023-08-01,"East North Central",-0.00108451091794947,0.041,0.056,22827.169,335431,0.0570845109179495,1,1,1
"229",2023-09-01,"East North Central",-0.00118291418200675,0.037,0.054,22828.208,335612,0.0551829141820068,1,1,1
"230",2023-10-01,"East North Central",-0.00098152143934854,0.036,0.054,22801.215,335773,0.0549815214393485,1,1,1
"231",2023-11-01,"East North Central",-0.000966246335977653,0.034,0.054,22925.249,335925,0.0549662463359777,1,1,1
"232",2023-12-01,"East North Central",-0.00138981452884468,0.034,0.054,23160.058,336070,0.0553898145288447,1,1,1
"233",2024-01-01,"East North Central",0.00374388566498729,0.042,0.053,22957.423,336194,0.0492561143350127,1,1,1
"234",2024-02-01,"East North Central",0.00480835502363638,0.044,0.053,23107.433,336306,0.0481916449763636,1,1,1
"235",2024-03-01,"East North Central",0.00719819238218202,0.043,0.051,23100.549,336423,0.043801807617818,1,1,1
"236",2024-04-01,"East North Central",0.0053039771816813,0.039,0.053,23165.934,336550,0.0476960228183187,1,1,1
"237",2024-05-01,"East North Central",0.00262205715925206,0.043,0.052,23248.626,336687,0.0493779428407479,1,1,1
"238",2024-06-01,"East North Central",0.000985668068329129,0.05,0.051,23261.861,336839,0.0500143319316709,1,1,1
"239",2024-07-01,"East North Central",0.00478054746003629,0.052,0.049,23385.227,337005,0.0442194525399637,1,1,1
"240",2024-08-01,"East North Central",3.95166325507169e-05,0.044,0.048,23427.13,337185,0.0479604833674493,1,1,1
"241",2018-01-01,"West North Central",0.00533000000000001,0.037,0.032,20001.73,327969,0.02667,0,0,0
"242",2018-02-01,"West North Central",0.00465518784876611,0.037,0.032,20097.48,328085,0.0273448121512339,0,0,0
"243",2018-03-01,"West North Central",0.00301977208146447,0.035,0.032,20032.979,328219,0.0289802279185355,0,0,0
"244",2018-04-01,"West North Central",0.00214202515152112,0.029,0.031,20090.314,328364,0.0288579748484789,0,0,0
"245",2018-05-01,"West North Central",0.00567359120593371,0.027,0.029,20178.485,328521,0.0233264087940663,0,0,0
"246",2018-06-01,"West North Central",0.00323215702406486,0.031,0.029,20182.623,328692,0.0257678429759351,0,0,0
"247",2018-07-01,"West North Central",0.0013082232570854,0.031,0.028,20258.177,328863,0.0266917767429146,0,0,0
"248",2018-08-01,"West North Central",9.75010481361788e-05,0.029,0.03,20287.991,329040,0.0299024989518638,0,0,0
"249",2018-09-01,"West North Central",-0.000380217016173723,0.025,0.032,20282.317,329216,0.0323802170161737,0,0,0
"250",2018-10-01,"West North Central",0.00193106676809637,0.024,0.032,20285.465,329379,0.0300689332319036,0,0,0
"251",2018-11-01,"West North Central",-0.00967566094303625,0.025,0.034,20302.399,329527,0.0436756609430363,0,0,0
"252",2018-12-01,"West North Central",-0.00395132595490378,0.03,0.036,20326.767,329659,0.0399513259549038,0,0,0
"253",2019-01-01,"West North Central",0.000266440356832725,0.038,0.036,20439.896,329766,0.0357335596431673,0,0,0
"254",2019-02-01,"West North Central",0.00569241241873266,0.035,0.036,20397.279,329862,0.0303075875812673,0,0,0
"255",2019-03-01,"West North Central",0.00861290955463998,0.036,0.036,20457.77,329977,0.02738709044536,0,0,0
"256",2019-04-01,"West North Central",0.00380283607928578,0.028,0.036,20529.751,330103,0.0321971639207142,0,0,0
"257",2019-05-01,"West North Central",0.0027807652433411,0.028,0.036,20572.892,330240,0.0332192347566589,0,0,0
"258",2019-06-01,"West North Central",0.00225129473602849,0.032,0.035,20704.215,330393,0.0327487052639715,0,0,0
"259",2019-07-01,"West North Central",0.00100261257700353,0.033,0.035,20808.131,330553,0.0339973874229965,0,0,0
"260",2019-08-01,"West North Central",-0.00146388912966014,0.031,0.033,20841.719,330729,0.0344638891296601,0,0,0
"261",2019-09-01,"West North Central",-6.75147809144471e-05,0.025,0.033,20880.121,330904,0.0330675147809145,0,0,0
"262",2019-10-01,"West North Central",0.000289368597719649,0.026,0.032,20901.125,331066,0.0317106314022804,0,0,0
"263",2019-11-01,"West North Central",-0.00126321067654093,0.027,0.032,21031.694,331213,0.0332632106765409,0,0,0
"264",2019-12-01,"West North Central",-0.00131308352562922,0.03,0.031,21023.709,331345,0.0323130835256292,0,0,0
"265",2020-01-01,"West North Central",0.00160484159440043,0.036,0.03,20997.514,331443,0.0283951584055996,1,0,0
"266",2020-02-01,"West North Central",0.00688204009536411,0.033,0.032,21065.812,331525,0.0251179599046359,1,0,0
"267",2020-03-01,"West North Central",-0.00411250431381573,0.042,0.031,20017.153,331642,0.0351125043138157,1,0,0
"268",2020-04-01,"West North Central",-0.00939482322138476,0.099,0.032,18205.46,331699,0.0413948232213848,1,0,0
"269",2020-05-01,"West North Central",0.00104945049605974,0.094,0.034,18963.824,331701,0.0329505495039403,1,0,0
"270",2020-06-01,"West North Central",0.00864889001058049,0.078,0.034,20003.128,331744,0.0253511099894195,1,0,0
"271",2020-07-01,"West North Central",0.00441728418823985,0.071,0.034,20343.438,331811,0.0295827158117602,1,1,0
"272",2020-08-01,"West North Central",0.0020025103239468,0.057,0.037,20546.906,331885,0.0349974896760532,1,1,0
"273",2020-09-01,"West North Central",0.00487674271835368,0.049,0.038,20760.257,331966,0.0331232572816463,1,1,0
"274",2020-10-01,"West North Central",-0.0006946559074299,0.041,0.038,20877.365,332041,0.0386946559074299,1,1,0
"275",2020-11-01,"West North Central",0.00141884492691521,0.04,0.037,20662.384,332079,0.0355811550730848,1,1,0
"276",2020-12-01,"West North Central",0.00135978091362064,0.044,0.035,20779.743,332062,0.0336402190863794,1,1,0
"277",2021-01-01,"West North Central",0.00305772645693071,0.049,0.036,21103.554,332007,0.0329422735430693,1,1,1
"278",2021-02-01,"West North Central",0.00649442861335422,0.046,0.036,20796.996,331983,0.0295055713866458,1,1,1
"279",2021-03-01,"West North Central",0.00869115364718061,0.044,0.037,21279.419,332023,0.0283088463528194,1,1,1
"280",2021-04-01,"West North Central",0.00748794748179298,0.039,0.034,21392.051,332089,0.026512052518207,1,1,1
"281",2021-05-01,"West North Central",0.0100886692212288,0.038,0.033,21372.924,332161,0.0229113307787712,1,1,1
"282",2021-06-01,"West North Central",0.0116189568595829,0.042,0.035,21406.61,332249,0.0233810431404171,1,1,1
"283",2021-07-01,"West North Central",0.00735507246376809,0.038,0.035,21534.529,332375,0.0276449275362319,1,1,1
"284",2021-08-01,"West North Central",0.00369564435492574,0.035,0.033,21554.189,332506,0.0293043556450743,1,1,1
"285",2021-09-01,"West North Central",0.00280408159608685,0.029,0.034,21630.124,332610,0.0311959184039132,1,1,1
"286",2021-10-01,"West North Central",0.0070308033161806,0.027,0.036,21910.79,332708,0.0289691966838194,1,1,1
"287",2021-11-01,"West North Central",0.00343319464528091,0.024,0.038,21889.444,332806,0.0345668053547191,1,1,1
"288",2021-12-01,"West North Central",0.00239589779860314,0.025,0.04,22085.674,332891,0.0376041022013969,1,1,1
"289",2022-01-01,"West North Central",0.00567114419523554,0.032,0.042,21919.366,332933,0.0363288558047645,1,1,1
"290",2022-02-01,"West North Central",0.00875254332421249,0.029,0.043,21878.75,332972,0.0342474566757875,1,1,1
"291",2022-03-01,"West North Central",0.0128149397506563,0.028,0.044,21918.133,333067,0.0311850602493437,1,1,1
"292",2022-04-01,"West North Central",0.00663542095865961,0.021,0.048,21942.301,333191,0.0413645790413404,1,1,1
"293",2022-05-01,"West North Central",0.0128337412274343,0.022,0.051,21936.131,333317,0.0381662587725657,1,1,1
"294",2022-06-01,"West North Central",0.0116439624833717,0.026,0.053,21883.98,333451,0.0413560375166283,1,1,1
"295",2022-07-01,"West North Central",0.000807277145734401,0.027,0.056,21953.155,333599,0.0551927228542656,1,1,1
"296",2022-08-01,"West North Central",-0.00131388560879473,0.027,0.058,22185.761,333762,0.0593138856087947,1,1,1
"297",2022-09-01,"West North Central",0.00209832134292562,0.021,0.059,22066.351,333925,0.0569016786570744,1,1,1
"298",2022-10-01,"West North Central",-0.00195267058862631,0.023,0.06,22231.955,334071,0.0619526705886263,1,1,1
"299",2022-11-01,"West North Central",-0.00079092188189454,0.023,0.062,22262.038,334206,0.0627909218818945,1,1,1
"300",2022-12-01,"West North Central",-0.00169141295472348,0.026,0.063,22259.166,334326,0.0646914129547235,1,1,1
"301",2023-01-01,"West North Central",0.0046488336184952,0.031,0.064,22415.615,334433,0.0593511663815048,1,1,1
"302",2023-02-01,"West North Central",0.00701159738145079,0.031,0.066,22354.843,334544,0.0589884026185492,1,1,1
"303",2023-03-01,"West North Central",0.00239242344244989,0.03,0.066,22444.569,334664,0.0636075765575501,1,1,1
"304",2023-04-01,"West North Central",0.00408210294141849,0.025,0.062,22439.623,334792,0.0579178970585815,1,1,1
"305",2023-05-01,"West North Central",0.00106555630235578,0.027,0.065,22571.293,334929,0.0639344436976442,1,1,1
"306",2023-06-01,"West North Central",0.00607539383617717,0.03,0.063,22612.29,335080,0.0569246061638228,1,1,1
"307",2023-07-01,"West North Central",0.0034099972329379,0.029,0.062,22692.347,335248,0.0585900027670621,1,1,1
"308",2023-08-01,"West North Central",0.00785932696908984,0.03,0.062,22827.169,335431,0.0541406730309102,1,1,1
"309",2023-09-01,"West North Central",0.00432956173246847,0.025,0.061,22828.208,335612,0.0566704382675315,1,1,1
"310",2023-10-01,"West North Central",-0.00113782051282048,0.026,0.059,22801.215,335773,0.0601378205128205,1,1,1
"311",2023-11-01,"West North Central",-0.0028317476616021,0.022,0.058,22925.249,335925,0.0608317476616021,1,1,1
"312",2023-12-01,"West North Central",-0.00403845380314557,0.025,0.059,23160.058,336070,0.0630384538031456,1,1,1
"313",2024-01-01,"West North Central",0.00102582328376541,0.033,0.056,22957.423,336194,0.0549741767162346,1,1,1
"314",2024-02-01,"West North Central",0.00759299604615499,0.035,0.054,23107.433,336306,0.046407003953845,1,1,1
"315",2024-03-01,"West North Central",0.00599819013221652,0.031,0.054,23100.549,336423,0.0480018098677835,1,1,1
"316",2024-04-01,"West North Central",0.00404394204744464,0.027,0.055,23165.934,336550,0.0509560579525554,1,1,1
"317",2024-05-01,"West North Central",0.00125269567423571,0.03,0.052,23248.626,336687,0.0507473043257643,1,1,1
"318",2024-06-01,"West North Central",0.00252601238458739,0.036,0.052,23261.861,336839,0.0494739876154126,1,1,1
"319",2024-07-01,"West North Central",0.0057501678448718,0.038,0.049,23385.227,337005,0.0432498321551282,1,1,1
"320",2024-08-01,"West North Central",0.0032591708355258,0.035,0.048,23427.13,337185,0.0447408291644742,1,1,1
"321",2018-01-01,"South Atlantic",0.00652000000000001,0.043,0.033,20001.73,327969,0.02648,0,0,0
"322",2018-02-01,"South Atlantic",0.00618964352422212,0.041,0.033,20097.48,328085,0.0268103564757779,0,0,0
"323",2018-03-01,"South Atlantic",0.00296223154776596,0.039,0.033,20032.979,328219,0.030037768452234,0,0,0
"324",2018-04-01,"South Atlantic",0.00216588727541225,0.034,0.032,20090.314,328364,0.0298341127245878,0,0,0
"325",2018-05-01,"South Atlantic",0.00304533621494182,0.035,0.032,20178.485,328521,0.0289546637850582,0,0,0
"326",2018-06-01,"South Atlantic",0.00136134371480335,0.04,0.032,20182.623,328692,0.0306386562851967,0,0,0
"327",2018-07-01,"South Atlantic",0.000430343100817622,0.039,0.032,20258.177,328863,0.0315696568991824,0,0,0
"328",2018-08-01,"South Atlantic",-0.000244407946191063,0.038,0.031,20287.991,329040,0.0312444079461911,0,0,0
"329",2018-09-01,"South Atlantic",0.000831190166531333,0.034,0.031,20282.317,329216,0.0301688098334687,0,0,0
"330",2018-10-01,"South Atlantic",0.0018954938054481,0.035,0.031,20285.465,329379,0.0291045061945519,0,0,0
"331",2018-11-01,"South Atlantic",-0.00147256733826136,0.034,0.031,20302.399,329527,0.0324725673382614,0,0,0
"332",2018-12-01,"South Atlantic",-0.00407262357043101,0.035,0.032,20326.767,329659,0.036072623570431,0,0,0
"333",2019-01-01,"South Atlantic",0.00202012277639401,0.04,0.033,20439.896,329766,0.030979877223606,0,0,0
"334",2019-02-01,"South Atlantic",0.00576433744372674,0.036,0.032,20397.279,329862,0.0262356625562733,0,0,0
"335",2019-03-01,"South Atlantic",0.00773579581391263,0.035,0.032,20457.77,329977,0.0242642041860874,0,0,0
"336",2019-04-01,"South Atlantic",0.00550384303425908,0.03,0.033,20529.751,330103,0.0274961569657409,0,0,0
"337",2019-05-01,"South Atlantic",-0.000854668023892279,0.033,0.035,20572.892,330240,0.0358546680238923,0,0,0
"338",2019-06-01,"South Atlantic",-0.0015281849199866,0.036,0.035,20704.215,330393,0.0365281849199866,0,0,0
"339",2019-07-01,"South Atlantic",0.00336907764280084,0.036,0.035,20808.131,330553,0.0316309223571992,0,0,0
"340",2019-08-01,"South Atlantic",-0.000805863617176438,0.036,0.035,20841.719,330729,0.0358058636171764,0,0,0
"341",2019-09-01,"South Atlantic",-0.000422459482295078,0.031,0.035,20880.121,330904,0.0354224594822951,0,0,0
"342",2019-10-01,"South Atlantic",0.00246859031006254,0.031,0.036,20901.125,331066,0.0335314096899375,0,0,0
"343",2019-11-01,"South Atlantic",0.000517414842140584,0.03,0.034,21031.694,331213,0.0334825851578594,0,0,0
"344",2019-12-01,"South Atlantic",0.000565031268255753,0.03,0.033,21023.709,331345,0.0324349687317443,0,0,0
"345",2020-01-01,"South Atlantic",0.00318727387584001,0.035,0.034,20997.514,331443,0.03081272612416,1,0,0
"346",2020-02-01,"South Atlantic",0.00237570484014078,0.032,0.034,21065.812,331525,0.0316242951598592,1,0,0
"347",2020-03-01,"South Atlantic",-0.00150390253188655,0.042,0.034,20017.153,331642,0.0355039025318866,1,0,0
"348",2020-04-01,"South Atlantic",-0.00561476425616288,0.121,0.034,18205.46,331699,0.0396147642561629,1,0,0
"349",2020-05-01,"South Atlantic",-0.00231994094695776,0.116,0.033,18963.824,331701,0.0353199409469578,1,0,0
"350",2020-06-01,"South Atlantic",0.00598629781591418,0.101,0.032,20003.128,331744,0.0260137021840858,1,0,0
"351",2020-07-01,"South Atlantic",0.00416451754637317,0.097,0.033,20343.438,331811,0.0288354824536268,1,1,0
"352",2020-08-01,"South Atlantic",0.00533625035670129,0.076,0.031,20546.906,331885,0.0256637496432987,1,1,0
"353",2020-09-01,"South Atlantic",0.00240323206327872,0.07,0.029,20760.257,331966,0.0265967679367213,1,1,0
"354",2020-10-01,"South Atlantic",0.00204823257350524,0.06,0.03,20877.365,332041,0.0279517674264948,1,1,0
"355",2020-11-01,"South Atlantic",-0.000725306606883936,0.057,0.03,20662.384,332079,0.0307253066068839,1,1,0
"356",2020-12-01,"South Atlantic",0.000650421831550197,0.056,0.032,20779.743,332062,0.0313495781684498,1,1,0
"357",2021-01-01,"South Atlantic",0.00532245605441149,0.058,0.032,21103.554,332007,0.0266775439455885,1,1,1
"358",2021-02-01,"South Atlantic",0.0049100909866097,0.054,0.033,20796.996,331983,0.0280899090133903,1,1,1
"359",2021-03-01,"South Atlantic",0.00652723254664643,0.051,0.031,21279.419,332023,0.0244727674533536,1,1,1
"360",2021-04-01,"South Atlantic",0.00721677181475405,0.047,0.032,21392.051,332089,0.024783228185246,1,1,1
"361",2021-05-01,"South Atlantic",0.00722024981144581,0.047,0.031,21372.924,332161,0.0237797501885542,1,1,1
"362",2021-06-01,"South Atlantic",0.00914096815728666,0.052,0.028,21406.61,332249,0.0188590318427133,1,1,1
"363",2021-07-01,"South Atlantic",0.00500416259456339,0.048,0.027,21534.529,332375,0.0219958374054366,1,1,1
"364",2021-08-01,"South Atlantic",0.00340353499428229,0.046,0.029,21554.189,332506,0.0255964650057177,1,1,1
"365",2021-09-01,"South Atlantic",0.00419063344071656,0.039,0.031,21630.124,332610,0.0268093665592834,1,1,1
"366",2021-10-01,"South Atlantic",0.0102586099047414,0.038,0.031,21910.79,332708,0.0207413900952586,1,1,1
"367",2021-11-01,"South Atlantic",0.00432536663895134,0.034,0.031,21889.444,332806,0.0266746333610487,1,1,1
"368",2021-12-01,"South Atlantic",0.00487040152189036,0.031,0.031,22085.674,332891,0.0261295984781096,1,1,1
"369",2022-01-01,"South Atlantic",0.00957965222268957,0.037,0.035,21919.366,332933,0.0254203477773104,1,1,1
"370",2022-02-01,"South Atlantic",0.0108430492494944,0.034,0.037,21878.75,332972,0.0261569507505056,1,1,1
"371",2022-03-01,"South Atlantic",0.0125560384067057,0.032,0.041,21918.133,333067,0.0284439615932943,1,1,1
"372",2022-04-01,"South Atlantic",0.00314673452078028,0.028,0.041,21942.301,333191,0.0378532654792197,1,1,1
"373",2022-05-01,"South Atlantic",0.0114482840256699,0.03,0.044,21936.131,333317,0.0325517159743301,1,1,1
"374",2022-06-01,"South Atlantic",0.0143281086729362,0.034,0.049,21883.98,333451,0.0346718913270638,1,1,1
"375",2022-07-01,"South Atlantic",0.00192848136213414,0.033,0.053,21953.155,333599,0.0510715186378659,1,1,1
"376",2022-08-01,"South Atlantic",-0.00115979699439835,0.035,0.057,22185.761,333762,0.0581597969943984,1,1,1
"377",2022-09-01,"South Atlantic",0.0027669806970156,0.03,0.06,22066.351,333925,0.0572330193029844,1,1,1
"378",2022-10-01,"South Atlantic",0.00525589645883976,0.031,0.061,22231.955,334071,0.0557441035411602,1,1,1
"379",2022-11-01,"South Atlantic",0.00314521926671464,0.03,0.063,22262.038,334206,0.0598547807332854,1,1,1
"380",2022-12-01,"South Atlantic",-0.00280146262409102,0.027,0.065,22259.166,334326,0.067801462624091,1,1,1
"381",2023-01-01,"South Atlantic",0.0060024989995835,0.032,0.063,22415.615,334433,0.0569975010004165,1,1,1
"382",2023-02-01,"South Atlantic",0.00616151448240032,0.031,0.063,22354.843,334544,0.0568384855175997,1,1,1
"383",2023-03-01,"South Atlantic",0.00459888819860748,0.03,0.064,22444.569,334664,0.0594011118013925,1,1,1
"384",2023-04-01,"South Atlantic",0.00654550127295943,0.025,0.066,22439.623,334792,0.0594544987270406,1,1,1
"385",2023-05-01,"South Atlantic",0.00221020043406103,0.029,0.065,22571.293,334929,0.062789799565939,1,1,1
"386",2023-06-01,"South Atlantic",0.00273874447673257,0.032,0.065,22612.29,335080,0.0622612555232674,1,1,1
"387",2023-07-01,"South Atlantic",0.00148472794543821,0.031,0.062,22692.347,335248,0.0605152720545618,1,1,1
"388",2023-08-01,"South Atlantic",0.00584289972727856,0.033,0.06,22827.169,335431,0.0541571002727214,1,1,1
"389",2023-09-01,"South Atlantic",0.00297935731006597,0.031,0.057,22828.208,335612,0.054020642689934,1,1,1
"390",2023-10-01,"South Atlantic",-0.000793706925682306,0.031,0.057,22801.215,335773,0.0577937069256823,1,1,1
"391",2023-11-01,"South Atlantic",-0.00134486826582781,0.029,0.055,22925.249,335925,0.0563448682658278,1,1,1
"392",2023-12-01,"South Atlantic",-0.000220508903047006,0.029,0.053,23160.058,336070,0.053220508903047,1,1,1
"393",2024-01-01,"South Atlantic",0.00471835590109573,0.032,0.052,22957.423,336194,0.0472816440989043,1,1,1
"394",2024-02-01,"South Atlantic",0.00959623676989419,0.033,0.049,23107.433,336306,0.0394037632301058,1,1,1
"395",2024-03-01,"South Atlantic",0.0043797661018528,0.033,0.047,23100.549,336423,0.0426202338981472,1,1,1
"396",2024-04-01,"South Atlantic",0.000835021416753035,0.03,0.046,23165.934,336550,0.045164978583247,1,1,1
"397",2024-05-01,"South Atlantic",0.00057166694992516,0.031,0.045,23248.626,336687,0.0444283330500748,1,1,1
"398",2024-06-01,"South Atlantic",0.000671710932674406,0.037,0.044,23261.861,336839,0.0433282890673256,1,1,1
"399",2024-07-01,"South Atlantic",0.00231468979298966,0.039,0.045,23385.227,337005,0.0426853102070103,1,1,1
"400",2024-08-01,"South Atlantic",0.000153956291808615,0.04,0.046,23427.13,337185,0.0458460437081914,1,1,1
"401",2018-01-01,"East South Central",0.00552999999999997,0.043,0.031,20001.73,327969,0.02547,0,0,0
"402",2018-02-01,"East South Central",0.00431613179119467,0.043,0.028,20097.48,328085,0.0236838682088053,0,0,0
"403",2018-03-01,"East South Central",0.00323804053987145,0.041,0.03,20032.979,328219,0.0267619594601285,0,0,0
"404",2018-04-01,"East South Central",0.00465878358371013,0.036,0.031,20090.314,328364,0.0263412164162899,0,0,0
"405",2018-05-01,"East South Central",0.00320279802723354,0.037,0.031,20178.485,328521,0.0277972019727665,0,0,0
"406",2018-06-01,"East South Central",0.00090097148229394,0.047,0.033,20182.623,328692,0.0320990285177061,0,0,0
"407",2018-07-01,"East South Central",-9.7843528628093e-06,0.044,0.029,20258.177,328863,0.0290097843528628,0,0,0
"408",2018-08-01,"East South Central",-0.00205473420545393,0.04,0.03,20287.991,329040,0.0320547342054539,0,0,0
"409",2018-09-01,"East South Central",-0.00111772376535635,0.038,0.029,20282.317,329216,0.0301177237653563,0,0,0
"410",2018-10-01,"East South Central",0.00331766114704693,0.037,0.03,20285.465,329379,0.0266823388529531,0,0,0
"411",2018-11-01,"East South Central",-0.00394259271941072,0.035,0.034,20302.399,329527,0.0379425927194107,0,0,0
"412",2018-12-01,"East South Central",-0.00869232129176725,0.037,0.034,20326.767,329659,0.0426923212917673,0,0,0
"413",2019-01-01,"East South Central",0.00185278760316656,0.044,0.036,20439.896,329766,0.0341472123968334,0,0,0
"414",2019-02-01,"East South Central",0.00589422049922865,0.041,0.038,20397.279,329862,0.0321057795007713,0,0,0
"415",2019-03-01,"East South Central",0.00613496932515333,0.04,0.037,20457.77,329977,0.0308650306748467,0,0,0
"416",2019-04-01,"East South Central",0.00200320512820511,0.033,0.038,20529.751,330103,0.0359967948717949,0,0,0
"417",2019-05-01,"East South Central",-0.000838688914678017,0.035,0.04,20572.892,330240,0.040838688914678,0,0,0
"418",2019-06-01,"East South Central",0.000224488799960921,0.043,0.039,20704.215,330393,0.0387755112000391,0,0,0
"419",2019-07-01,"East South Central",0.00240051523253781,0.043,0.039,20808.131,330553,0.0365994847674622,0,0,0
"420",2019-08-01,"East South Central",-0.00130446633698065,0.038,0.038,20841.719,330729,0.0393044663369806,0,0,0
"421",2019-09-01,"East South Central",-0.00188127497806802,0.035,0.036,20880.121,330904,0.037881274978068,0,0,0
"422",2019-10-01,"East South Central",0.000585954666640508,0.035,0.033,20901.125,331066,0.0324140453333595,0,0,0
"423",2019-11-01,"East South Central",0.000712494021882424,0.034,0.03,21031.694,331213,0.0292875059781176,0,0,0
"424",2019-12-01,"East South Central",-0.00101433726714132,0.034,0.03,21023.709,331345,0.0310143372671413,0,0,0
"425",2020-01-01,"East South Central",0.003417101126667,0.041,0.032,20997.514,331443,0.028582898873333,1,0,0
"426",2020-02-01,"East South Central",-4.86494901532989e-05,0.039,0.03,21065.812,331525,0.0300486494901533,1,0,0
"427",2020-03-01,"East South Central",-0.000194607428165494,0.045,0.029,20017.153,331642,0.0291946074281655,1,0,0
"428",2020-04-01,"East South Central",-0.00849626767622704,0.148,0.03,18205.46,331699,0.038496267676227,1,0,0
"429",2020-05-01,"East South Central",-0.00171774082726395,0.116,0.028,18963.824,331701,0.0297177408272639,1,0,0
"430",2020-06-01,"East South Central",0.00686312104854324,0.091,0.028,20003.128,331744,0.0211368789514568,1,0,0
"431",2020-07-01,"East South Central",0.00896475620355276,0.086,0.027,20343.438,331811,0.0180352437964472,1,1,0
"432",2020-08-01,"East South Central",0.00288427104404806,0.067,0.026,20546.906,331885,0.0231157289559519,1,1,0
"433",2020-09-01,"East South Central",-0.000347433336228624,0.062,0.032,20760.257,331966,0.0323474333362286,1,1,0
"434",2020-10-01,"East South Central",0.00230737297380784,0.053,0.032,20877.365,332041,0.0296926270261922,1,1,0
"435",2020-11-01,"East South Central",-0.00105952610287035,0.05,0.029,20662.384,332079,0.0300595261028703,1,1,0
"436",2020-12-01,"East South Central",0.00452222543631288,0.05,0.025,20779.743,332062,0.0204777745636871,1,1,0
"437",2021-01-01,"East South Central",0.00861977941811686,0.054,0.021,21103.554,332007,0.0123802205818831,1,1,1
"438",2021-02-01,"East South Central",0.00598608639378746,0.051,0.022,20796.996,331983,0.0160139136062125,1,1,1
"439",2021-03-01,"East South Central",0.0105102832384159,0.048,0.025,21279.419,332023,0.0144897167615841,1,1,1
"440",2021-04-01,"East South Central",0.00797625846073194,0.043,0.025,21392.051,332089,0.0170237415392681,1,1,1
"441",2021-05-01,"East South Central",0.0110709675022523,0.043,0.025,21372.924,332161,0.0139290324977477,1,1,1
"442",2021-06-01,"East South Central",0.00937893276747413,0.054,0.024,21406.61,332249,0.0146210672325259,1,1,1
"443",2021-07-01,"East South Central",0.00374037603975175,0.048,0.033,21534.529,332375,0.0292596239602483,1,1,1
"444",2021-08-01,"East South Central",-0.000525871995502951,0.043,0.034,21554.189,332506,0.034525871995503,1,1,1
"445",2021-09-01,"East South Central",0.00122465641583894,0.037,0.03,21630.124,332610,0.0287753435841611,1,1,1
"446",2021-10-01,"East South Central",0.0087976805291292,0.035,0.035,21910.79,332708,0.0262023194708708,1,1,1
"447",2021-11-01,"East South Central",0.0040596006861804,0.031,0.038,21889.444,332806,0.0339403993138196,1,1,1
"448",2021-12-01,"East South Central",-0.00195003264962926,0.03,0.04,22085.674,332891,0.0419500326496293,1,1,1
"449",2022-01-01,"East South Central",0.00710732691015005,0.039,0.044,21919.366,332933,0.03689267308985,1,1,1
"450",2022-02-01,"East South Central",0.0105902036166881,0.036,0.045,21878.75,332972,0.0344097963833119,1,1,1
"451",2022-03-01,"East South Central",0.0147677838637524,0.033,0.045,21918.133,333067,0.0302322161362476,1,1,1
"452",2022-04-01,"East South Central",0.00701175858029251,0.029,0.048,21942.301,333191,0.0409882414197075,1,1,1
"453",2022-05-01,"East South Central",0.0107029290866316,0.032,0.051,21936.131,333317,0.0402970709133684,1,1,1
"454",2022-06-01,"East South Central",0.0159184891503603,0.04,0.055,21883.98,333451,0.0390815108496397,1,1,1
"455",2022-07-01,"East South Central",-0.000184638109305807,0.038,0.049,21953.155,333599,0.0491846381093058,1,1,1
"456",2022-08-01,"East South Central",-0.00501972634936623,0.035,0.049,22185.761,333762,0.0540197263493662,1,1,1
"457",2022-09-01,"East South Central",6.74923227483699e-05,0.032,0.052,22066.351,333925,0.0519325076772516,1,1,1
"458",2022-10-01,"East South Central",0.00343344018896572,0.033,0.049,22231.955,334071,0.0455665598110343,1,1,1
"459",2022-11-01,"East South Central",-0.00098363136522993,0.031,0.051,22262.038,334206,0.0519836313652299,1,1,1
"460",2022-12-01,"East South Central",-0.000134646133131409,0.029,0.052,22259.166,334326,0.0521346461331314,1,1,1
"461",2023-01-01,"East South Central",0.00838285050583273,0.035,0.056,22415.615,334433,0.0476171494941673,1,1,1
"462",2023-02-01,"East South Central",0.00970703614055585,0.035,0.06,22354.843,334544,0.0502929638594442,1,1,1
"463",2023-03-01,"East South Central",0.00255428897357259,0.032,0.062,22444.569,334664,0.0594457110264274,1,1,1
"464",2023-04-01,"East South Central",0.00648900908626182,0.026,0.056,22439.623,334792,0.0495109909137382,1,1,1
"465",2023-05-01,"East South Central",0.00407965986450278,0.031,0.054,22571.293,334929,0.0499203401354972,1,1,1
"466",2023-06-01,"East South Central",0.00420178351432278,0.038,0.054,22612.29,335080,0.0497982164856772,1,1,1
"467",2023-07-01,"East South Central",0.00246177345184521,0.036,0.055,22692.347,335248,0.0525382265481548,1,1,1
"468",2023-08-01,"East South Central",0.00367143493941718,0.035,0.058,22827.169,335431,0.0543285650605828,1,1,1
"469",2023-09-01,"East South Central",0.00130008559569762,0.033,0.062,22828.208,335612,0.0606999144043024,1,1,1
"470",2023-10-01,"East South Central",-0.000637101912112142,0.032,0.063,22801.215,335773,0.0636371019121121,1,1,1
"471",2023-11-01,"East South Central",-0.00293737895416401,0.03,0.061,22925.249,335925,0.063937378954164,1,1,1
"472",2023-12-01,"East South Central",-0.00299459354462746,0.031,0.061,23160.058,336070,0.0639945935446275,1,1,1
"473",2024-01-01,"East South Central",0.00747649895280301,0.038,0.059,22957.423,336194,0.051523501047197,1,1,1
"474",2024-02-01,"East South Central",0.00905670107246163,0.035,0.054,23107.433,336306,0.0449432989275384,1,1,1
"475",2024-03-01,"East South Central",0.00718671894339266,0.034,0.051,23100.549,336423,0.0438132810566073,1,1,1
"476",2024-04-01,"East South Central",0.00566870951629658,0.029,0.056,23165.934,336550,0.0503312904837034,1,1,1
"477",2024-05-01,"East South Central",0.00241237405988362,0.031,0.055,23248.626,336687,0.0525876259401164,1,1,1
"478",2024-06-01,"East South Central",0.000566251415628561,0.038,0.053,23261.861,336839,0.0524337485843714,1,1,1
"479",2024-07-01,"East South Central",0.0007309941520467,0.038,0.054,23385.227,337005,0.0532690058479533,1,1,1
"480",2024-08-01,"East South Central",0.00100536456247006,0.038,0.05,23427.13,337185,0.0489946354375299,1,1,1
"481",2018-01-01,"West South Central",0.00287000000000006,0.043,0.027,20001.73,327969,0.0241299999999999,0,0,0
"482",2018-02-01,"West South Central",0.00526488976637043,0.042,0.026,20097.48,328085,0.0207351102336296,0,0,0
"483",2018-03-01,"West South Central",-0.000525715419332414,0.04,0.027,20032.979,328219,0.0275257154193324,0,0,0
"484",2018-04-01,"West South Central",0.00604394513804802,0.037,0.025,20090.314,328364,0.018956054861952,0,0,0
"485",2018-05-01,"West South Central",0.00371901234080762,0.037,0.026,20178.485,328521,0.0222809876591924,0,0,0
"486",2018-06-01,"West South Central",0.00378385815937405,0.044,0.027,20182.623,328692,0.023216141840626,0,0,0
"487",2018-07-01,"West South Central",-0.000724545445644386,0.042,0.026,20258.177,328863,0.0267245454456444,0,0,0
"488",2018-08-01,"West South Central",-0.000872044601651972,0.04,0.027,20287.991,329040,0.027872044601652,0,0,0
"489",2018-09-01,"West South Central",-0.000529567519858802,0.038,0.026,20282.317,329216,0.0265295675198588,0,0,0
"490",2018-10-01,"West South Central",0.00204089642450644,0.036,0.026,20285.465,329379,0.0239591035754936,0,0,0
"491",2018-11-01,"West South Central",-0.00464141631741794,0.035,0.027,20302.399,329527,0.0316414163174179,0,0,0
"492",2018-12-01,"West South Central",-0.00653221839645845,0.037,0.028,20326.767,329659,0.0345322183964584,0,0,0
"493",2019-01-01,"West South Central",0.000831798467114144,0.043,0.028,20439.896,329766,0.0271682015328859,0,0,0
"494",2019-02-01,"West South Central",0.0044721480162265,0.039,0.028,20397.279,329862,0.0235278519837735,0,0,0
"495",2019-03-01,"West South Central",0.00591989913516281,0.035,0.026,20457.77,329977,0.0200801008648372,0,0,0
"496",2019-04-01,"West South Central",0.00638445795756099,0.031,0.027,20529.751,330103,0.020615542042439,0,0,0
"497",2019-05-01,"West South Central",-0.000418389686207797,0.033,0.027,20572.892,330240,0.0274183896862078,0,0,0
"498",2019-06-01,"West South Central",0.000661916442783143,0.039,0.028,20704.215,330393,0.0273380835572169,0,0,0
"499",2019-07-01,"West South Central",0.00254863813229572,0.04,0.03,20808.131,330553,0.0274513618677043,0,0,0
"500",2019-08-01,"West South Central",-0.00188236207331512,0.038,0.03,20841.719,330729,0.0318823620733151,0,0,0
"501",2019-09-01,"West South Central",0.000836022864253203,0.035,0.031,20880.121,330904,0.0301639771357468,0,0,0
"502",2019-10-01,"West South Central",0.00232142510247299,0.034,0.03,20901.125,331066,0.027678574897527,0,0,0
"503",2019-11-01,"West South Central",-0.00181213842024166,0.034,0.031,21031.694,331213,0.0328121384202417,0,0,0
"504",2019-12-01,"West South Central",-0.00185426091683982,0.033,0.033,21023.709,331345,0.0348542609168398,0,0,0
"505",2020-01-01,"West South Central",0.00211058697660846,0.038,0.037,20997.514,331443,0.0348894130233915,1,0,0
"506",2020-02-01,"West South Central",0.0010191008618682,0.035,0.039,21065.812,331525,0.0379808991381318,1,0,0
"507",2020-03-01,"West South Central",-0.000775667316288027,0.053,0.038,20017.153,331642,0.038775667316288,1,0,0
"508",2020-04-01,"West South Central",-0.0108095519954977,0.122,0.038,18205.46,331699,0.0488095519954977,1,0,0
"509",2020-05-01,"West South Central",-0.00243273201691146,0.115,0.038,18963.824,331701,0.0404327320169115,1,0,0
"510",2020-06-01,"West South Central",0.00638182801514333,0.102,0.038,20003.128,331744,0.0316181719848567,1,0,0
"511",2020-07-01,"West South Central",0.00697647150785598,0.096,0.036,20343.438,331811,0.029023528492144,1,1,0
"512",2020-08-01,"West South Central",0.00233848900619069,0.077,0.038,20546.906,331885,0.0356615109938093,1,1,0
"513",2020-09-01,"West South Central",0.00297195519801729,0.076,0.039,20760.257,331966,0.0360280448019827,1,1,0
"514",2020-10-01,"West South Central",-0.000193039013184526,0.065,0.04,20877.365,332041,0.0401930390131845,1,1,0
"515",2020-11-01,"West South Central",-0.00196937810128776,0.065,0.038,20662.384,332079,0.0399693781012878,1,1,0
"516",2020-12-01,"West South Central",0.00260200034822301,0.064,0.035,20779.743,332062,0.032397999651777,1,1,0
"517",2021-01-01,"West South Central",0.00443796972532834,0.068,0.031,21103.554,332007,0.0265620302746717,1,1,1
"518",2021-02-01,"West South Central",0.00550374119929684,0.066,0.032,20796.996,331983,0.0264962588007032,1,1,1
"519",2021-03-01,"West South Central",0.00841580375224485,0.061,0.032,21279.419,332023,0.0235841962477552,1,1,1
"520",2021-04-01,"West South Central",0.00747406810969546,0.057,0.032,21392.051,332089,0.0245259318903045,1,1,1
"521",2021-05-01,"West South Central",0.00912048441995599,0.055,0.03,21372.924,332161,0.020879515580044,1,1,1
"522",2021-06-01,"West South Central",0.00846968059334358,0.062,0.03,21406.61,332249,0.0215303194066564,1,1,1
"523",2021-07-01,"West South Central",0.00598708342187684,0.056,0.031,21534.529,332375,0.0250129165781232,1,1,1
"524",2021-08-01,"West South Central",0.002856329387129,0.052,0.031,21554.189,332506,0.028143670612871,1,1,1
"525",2021-09-01,"West South Central",0.00248186680342883,0.047,0.03,21630.124,332610,0.0275181331965712,1,1,1
"526",2021-10-01,"West South Central",0.00908069393310982,0.044,0.031,21910.79,332708,0.0219193060668902,1,1,1
"527",2021-11-01,"West South Central",0.00497931321690804,0.041,0.031,21889.444,332806,0.026020686783092,1,1,1
"528",2021-12-01,"West South Central",0.00286468420910391,0.038,0.033,22085.674,332891,0.0301353157908961,1,1,1
"529",2022-01-01,"West South Central",0.00807545474960702,0.044,0.037,21919.366,332933,0.028924545250393,1,1,1
"530",2022-02-01,"West South Central",0.0123235671514114,0.041,0.039,21878.75,332972,0.0266764328485886,1,1,1
"531",2022-03-01,"West South Central",0.0172436557606486,0.036,0.042,21918.133,333067,0.0247563442393514,1,1,1
"532",2022-04-01,"West South Central",0.00629943062838546,0.034,0.046,21942.301,333191,0.0397005693716145,1,1,1
"533",2022-05-01,"West South Central",0.0144891395944761,0.035,0.051,21936.131,333317,0.0365108604055239,1,1,1
"534",2022-06-01,"West South Central",0.0143415353579875,0.041,0.054,21883.98,333451,0.0396584646420125,1,1,1
"535",2022-07-01,"West South Central",-0.00149576756273451,0.04,0.054,21953.155,333599,0.0554957675627345,1,1,1
"536",2022-08-01,"West South Central",-0.000661132126000132,0.039,0.054,22185.761,333762,0.0546611321260001,1,1,1
"537",2022-09-01,"West South Central",0.000401966285077854,0.036,0.056,22066.351,333925,0.0555980337149221,1,1,1
"538",2022-10-01,"West South Central",0.00218481345376312,0.036,0.057,22231.955,334071,0.0548151865462369,1,1,1
"539",2022-11-01,"West South Central",-0.00382552914251348,0.036,0.058,22262.038,334206,0.0618255291425135,1,1,1
"540",2022-12-01,"West South Central",-0.00373960289777299,0.035,0.058,22259.166,334326,0.061739602897773,1,1,1
"541",2023-01-01,"West South Central",0.0109411031998519,0.041,0.054,22415.615,334433,0.0430588968001481,1,1,1
"542",2023-02-01,"West South Central",0.00507001448575575,0.041,0.056,22354.843,334544,0.0509299855142442,1,1,1
"543",2023-03-01,"West South Central",0.00236898125522875,0.038,0.055,22444.569,334664,0.0526310187447713,1,1,1
"544",2023-04-01,"West South Central",0.00701577516465165,0.033,0.051,22439.623,334792,0.0439842248353483,1,1,1
"545",2023-05-01,"West South Central",0.000328240140486831,0.037,0.052,22571.293,334929,0.0516717598595132,1,1,1
"546",2023-06-01,"West South Central",0.00305163163852931,0.04,0.048,22612.29,335080,0.0449483683614707,1,1,1
"547",2023-07-01,"West South Central",0.00157842223203623,0.04,0.049,22692.347,335248,0.0474215777679638,1,1,1
"548",2023-08-01,"West South Central",0.00645888280108108,0.041,0.051,22827.169,335431,0.0445411171989189,1,1,1
"549",2023-09-01,"West South Central",0.00138733388502171,0.039,0.049,22828.208,335612,0.0476126661149783,1,1,1
"550",2023-10-01,"West South Central",-0.00117476443947529,0.037,0.049,22801.215,335773,0.0501747644394753,1,1,1
"551",2023-11-01,"West South Central",-0.00125725966062101,0.035,0.049,22925.249,335925,0.050257259660621,1,1,1
"552",2023-12-01,"West South Central",-0.000113701889887922,0.035,0.05,23160.058,336070,0.0501137018898879,1,1,1
"553",2024-01-01,"West South Central",0.00648174471023029,0.041,0.051,22957.423,336194,0.0445182552897697,1,1,1
"554",2024-02-01,"West South Central",0.00797333613099513,0.043,0.048,23107.433,336306,0.0400266638690049,1,1,1
"555",2024-03-01,"West South Central",0.00330661884212294,0.04,0.048,23100.549,336423,0.0446933811578771,1,1,1
"556",2024-04-01,"West South Central",0.00274510429800348,0.035,0.052,23165.934,336550,0.0492548957019965,1,1,1
"557",2024-05-01,"West South Central",-7.16229766509123e-05,0.037,0.052,23248.626,336687,0.0520716229766509,1,1,1
"558",2024-06-01,"West South Central",-0.000939124067839736,0.044,0.052,23261.861,336839,0.0529391240678397,1,1,1
"559",2024-07-01,"West South Central",0.000246950952354332,0.043,0.051,23385.227,337005,0.0507530490476457,1,1,1
"560",2024-08-01,"West South Central",-0.00144948312387507,0.042,0.05,23427.13,337185,0.0514494831238751,1,1,1
"561",2018-01-01,"Mountain",0.00450000000000003,0.043,0.032,20001.73,327969,0.0275,0,0,0
"562",2018-02-01,"Mountain",0.00452961672473866,0.042,0.033,20097.48,328085,0.0284703832752613,0,0,0
"563",2018-03-01,"Mountain",0.00288390069867694,0.039,0.033,20032.979,328219,0.0301160993013231,0,0,0
"564",2018-04-01,"Mountain",0.00596861536029091,0.037,0.034,20090.314,328364,0.0280313846397091,0,0,0
"565",2018-05-01,"Mountain",0.00684675834970533,0.035,0.034,20178.485,328521,0.0271532416502947,0,0,0
"566",2018-06-01,"Mountain",0.000975638311365155,0.041,0.033,20182.623,328692,0.0320243616886348,0,0,0
"567",2018-07-01,"Mountain",-0.00142304355877853,0.04,0.032,20258.177,328863,0.0334230435587785,0,0,0
"568",2018-08-01,"Mountain",0.000361148256239628,0.04,0.032,20287.991,329040,0.0316388517437604,0,0,0
"569",2018-09-01,"Mountain",0.00316134571852313,0.036,0.029,20282.317,329216,0.0258386542814769,0,0,0
"570",2018-10-01,"Mountain",0.00305411819631957,0.036,0.03,20285.465,329379,0.0269458818036804,0,0,0
"571",2018-11-01,"Mountain",-0.000814537555999488,0.036,0.032,20302.399,329527,0.0328145375559995,0,0,0
"572",2018-12-01,"Mountain",-0.000601696395644471,0.038,0.033,20326.767,329659,0.0336016963956445,0,0,0
"573",2019-01-01,"Mountain",-0.00257331520683628,0.043,0.033,20439.896,329766,0.0355733152068363,0,0,0
"574",2019-02-01,"Mountain",-0.000292070291583519,0.04,0.033,20397.279,329862,0.0332920702915835,0,0,0
"575",2019-03-01,"Mountain",0.00636899255003161,0.038,0.032,20457.77,329977,0.0256310074499684,0,0,0
"576",2019-04-01,"Mountain",0.00726734340374887,0.035,0.032,20529.751,330103,0.0247326565962511,0,0,0
"577",2019-05-01,"Mountain",0.00920357383033911,0.035,0.033,20572.892,330240,0.0237964261696609,0,0,0
"578",2019-06-01,"Mountain",0.000790114995049867,0.039,0.035,20704.215,330393,0.0342098850049501,0,0,0
"579",2019-07-01,"Mountain",-0.000304382151791541,0.039,0.036,20808.131,330553,0.0363043821517915,0,0,0
"580",2019-08-01,"Mountain",0.00359660891159764,0.037,0.035,20841.719,330729,0.0314033910884024,0,0,0
"581",2019-09-01,"Mountain",0.00327085525754429,0.033,0.037,20880.121,330904,0.0337291447424557,0,0,0
"582",2019-10-01,"Mountain",0.00562264935457654,0.034,0.038,20901.125,331066,0.0323773506454235,0,0,0
"583",2019-11-01,"Mountain",-0.000526231711098766,0.034,0.036,21031.694,331213,0.0365262317110988,0,0,0
"584",2019-12-01,"Mountain",0.000357273812769687,0.034,0.037,21023.709,331345,0.0366427261872303,0,0,0
"585",2020-01-01,"Mountain",0.00177633248432779,0.04,0.037,20997.514,331443,0.0352236675156722,1,0,0
"586",2020-02-01,"Mountain",0.0015480166622885,0.039,0.039,21065.812,331525,0.0374519833377115,1,0,0
"587",2020-03-01,"Mountain",-0.00123649920845321,0.049,0.039,20017.153,331642,0.0402364992084532,1,0,0
"588",2020-04-01,"Mountain",-0.00324513932527353,0.135,0.04,18205.46,331699,0.0432451393252735,1,0,0
"589",2020-05-01,"Mountain",0.00141143260409307,0.12,0.04,18963.824,331701,0.0385885673959069,1,0,0
"590",2020-06-01,"Mountain",0.0075264270613108,0.106,0.041,20003.128,331744,0.0334735729386892,1,0,0
"591",2020-07-01,"Mountain",0.0032361554100684,0.09,0.041,20343.438,331811,0.0377638445899316,1,1,0
"592",2020-08-01,"Mountain",0.00135721788924731,0.075,0.04,20546.906,331885,0.0386427821107527,1,1,0
"593",2020-09-01,"Mountain",0.000148534613206633,0.071,0.04,20760.257,331966,0.0398514653867934,1,1,0
"594",2020-10-01,"Mountain",0.000176358657817844,0.062,0.04,20877.365,332041,0.0398236413421822,1,1,0
"595",2020-11-01,"Mountain",-0.000259851142417041,0.061,0.041,20662.384,332079,0.041259851142417,1,1,0
"596",2020-12-01,"Mountain",-0.00220002599186821,0.062,0.041,20779.743,332062,0.0432000259918682,1,1,0
"597",2021-01-01,"Mountain",0.00339569630380778,0.064,0.04,21103.554,332007,0.0366043036961922,1,1,1
"598",2021-02-01,"Mountain",0.00493259406234351,0.062,0.039,20796.996,331983,0.0340674059376565,1,1,1
"599",2021-03-01,"Mountain",0.00850663369807919,0.058,0.039,21279.419,332023,0.0304933663019208,1,1,1
"600",2021-04-01,"Mountain",0.0131737841695027,0.056,0.036,21392.051,332089,0.0228262158304973,1,1,1
"601",2021-05-01,"Mountain",0.0107541445443709,0.052,0.035,21372.924,332161,0.0242458554556291,1,1,1
"602",2021-06-01,"Mountain",0.00707528207327206,0.057,0.037,21406.61,332249,0.0299247179267279,1,1,1
"603",2021-07-01,"Mountain",0.00737153045746071,0.053,0.036,21534.529,332375,0.0286284695425393,1,1,1
"604",2021-08-01,"Mountain",0.00215741181028869,0.048,0.037,21554.189,332506,0.0348425881897113,1,1,1
"605",2021-09-01,"Mountain",0.00310174242357671,0.042,0.038,21630.124,332610,0.0348982575764233,1,1,1
"606",2021-10-01,"Mountain",0.0102049754730204,0.039,0.038,21910.79,332708,0.0277950245269796,1,1,1
"607",2021-11-01,"Mountain",0.00641664860177754,0.037,0.038,21889.444,332806,0.0315833513982225,1,1,1
"608",2021-12-01,"Mountain",0.00571231637444533,0.035,0.041,22085.674,332891,0.0352876836255547,1,1,1
"609",2022-01-01,"Mountain",0.00740182304160102,0.041,0.045,21919.366,332933,0.037598176958399,1,1,1
"610",2022-02-01,"Mountain",0.0115399006735152,0.038,0.048,21878.75,332972,0.0364600993264848,1,1,1
"611",2022-03-01,"Mountain",0.0144683856106399,0.035,0.051,21918.133,333067,0.0365316143893601,1,1,1
"612",2022-04-01,"Mountain",0.00730090328996437,0.033,0.055,21942.301,333191,0.0476990967100356,1,1,1
"613",2022-05-01,"Mountain",0.00742898042796844,0.033,0.057,21936.131,333317,0.0495710195720316,1,1,1
"614",2022-06-01,"Mountain",0.0120780048018032,0.037,0.06,21883.98,333451,0.0479219951981968,1,1,1
"615",2022-07-01,"Mountain",0.00418774660502038,0.036,0.063,21953.155,333599,0.0588122533949796,1,1,1
"616",2022-08-01,"Mountain",0.00224182817471793,0.036,0.066,22185.761,333762,0.0637581718252821,1,1,1
"617",2022-09-01,"Mountain",0.00346345335161269,0.032,0.069,22066.351,333925,0.0655365466483873,1,1,1
"618",2022-10-01,"Mountain",0.00748623794571876,0.033,0.071,22231.955,334071,0.0635137620542812,1,1,1
"619",2022-11-01,"Mountain",-0.00352894528152255,0.033,0.076,22262.038,334206,0.0795289452815225,1,1,1
"620",2022-12-01,"Mountain",-0.00243523934582784,0.031,0.075,22259.166,334326,0.0774352393458278,1,1,1
"621",2023-01-01,"Mountain",0.0051934997487016,0.036,0.074,22415.615,334433,0.0688065002512984,1,1,1
"622",2023-02-01,"Mountain",0.00741269841269839,0.036,0.074,22354.843,334544,0.0665873015873016,1,1,1
"623",2023-03-01,"Mountain",0.00800415964201873,0.034,0.075,22444.569,334664,0.0669958403579813,1,1,1
"624",2023-04-01,"Mountain",0.00343884329816322,0.032,0.075,22439.623,334792,0.0715611567018368,1,1,1
"625",2023-05-01,"Mountain",0.00200171352909109,0.034,0.077,22571.293,334929,0.0749982864709089,1,1,1
"626",2023-06-01,"Mountain",-0.000567444246659301,0.038,0.073,22612.29,335080,0.0735674442466593,1,1,1
"627",2023-07-01,"Mountain",0.00179663073405194,0.037,0.072,22692.347,335248,0.0702033692659481,1,1,1
"628",2023-08-01,"Mountain",0.0028415045999766,0.038,0.071,22827.169,335431,0.0681584954000234,1,1,1
"629",2023-09-01,"Mountain",0.0058991569315094,0.036,0.07,22828.208,335612,0.0641008430684906,1,1,1
"630",2023-10-01,"Mountain",0.00034633234051408,0.036,0.068,22801.215,335773,0.0676536676594859,1,1,1
"631",2023-11-01,"Mountain",-0.00558556063333794,0.035,0.065,22925.249,335925,0.0705855606333379,1,1,1
"632",2023-12-01,"Mountain",-0.000742735122087114,0.035,0.063,23160.058,336070,0.0637427351220871,1,1,1
"633",2024-01-01,"Mountain",0.00509461426491984,0.039,0.062,22957.423,336194,0.0569053857350802,1,1,1
"634",2024-02-01,"Mountain",0.00188731569784464,0.039,0.061,23107.433,336306,0.0591126843021554,1,1,1
"635",2024-03-01,"Mountain",0.00858840987551796,0.035,0.059,23100.549,336423,0.050411590124482,1,1,1
"636",2024-04-01,"Mountain",0.00475696773800103,0.032,0.059,23165.934,336550,0.054243032261999,1,1,1
"637",2024-05-01,"Mountain",0.000204855842185029,0.037,0.058,23248.626,336687,0.057795144157815,1,1,1
"638",2024-06-01,"Mountain",-0.0020177960508848,0.042,0.06,23261.861,336839,0.0620177960508848,1,1,1
"639",2024-07-01,"Mountain",-0.00179384468041455,0.044,0.059,23385.227,337005,0.0607938446804146,1,1,1
"640",2024-08-01,"Mountain",0.00307633733104911,0.042,0.058,23427.13,337185,0.0549236626689509,1,1,1
"641",2018-01-01,"Pacific",0.00521000000000001,0.048,0.039,20001.73,327969,0.03379,0,0,0
"642",2018-02-01,"Pacific",0.00546154534873302,0.046,0.039,20097.48,328085,0.033538454651267,0,0,0
"643",2018-03-01,"Pacific",0.00424458296230337,0.044,0.039,20032.979,328219,0.0347554170376966,0,0,0
"644",2018-04-01,"Pacific",0.00327096818687877,0.04,0.039,20090.314,328364,0.0357290318131212,0,0,0
"645",2018-05-01,"Pacific",0.00376113364299669,0.037,0.041,20178.485,328521,0.0372388663570033,0,0,0
"646",2018-06-01,"Pacific",0.00220126401471417,0.044,0.042,20182.623,328692,0.0397987359852858,0,0,0
"647",2018-07-01,"Pacific",0.00175714327551037,0.044,0.042,20258.177,328863,0.0402428567244896,0,0,0
"648",2018-08-01,"Pacific",0.00206589423011336,0.043,0.04,20287.991,329040,0.0379341057698866,0,0,0
"649",2018-09-01,"Pacific",0.00251869572405209,0.039,0.04,20282.317,329216,0.0374813042759479,0,0,0
"650",2018-10-01,"Pacific",0.00449122126297404,0.04,0.042,20285.465,329379,0.037508778737026,0,0,0
"651",2018-11-01,"Pacific",-0.00245285023128244,0.04,0.043,20302.399,329527,0.0454528502312824,0,0,0
"652",2018-12-01,"Pacific",-0.00209101733801884,0.042,0.043,20326.767,329659,0.0450910173380188,0,0,0
"653",2019-01-01,"Pacific",0.00308489275632255,0.049,0.044,20439.896,329766,0.0409151072436775,0,0,0
"654",2019-02-01,"Pacific",0.00315277415112047,0.045,0.045,20397.279,329862,0.0418472258488795,0,0,0
"655",2019-03-01,"Pacific",0.00359597790353515,0.045,0.044,20457.77,329977,0.0404040220964649,0,0,0
"656",2019-04-01,"Pacific",0.00832853025936604,0.038,0.046,20529.751,330103,0.037671469740634,0,0,0
"657",2019-05-01,"Pacific",0.00351539055131613,0.036,0.045,20572.892,330240,0.0414846094486839,0,0,0
"658",2019-06-01,"Pacific",0.000104427736006642,0.041,0.046,20704.215,330393,0.0458955722639934,0,0,0
"659",2019-07-01,"Pacific",0.000474621963606096,0.043,0.047,20808.131,330553,0.0465253780363939,0,0,0
"660",2019-08-01,"Pacific",-0.000142319041338943,0.042,0.048,20841.719,330729,0.0481423190413389,0,0,0
"661",2019-09-01,"Pacific",0.00302708242394326,0.036,0.049,20880.121,330904,0.0459729175760567,0,0,0
"662",2019-10-01,"Pacific",0.00508036820843706,0.037,0.047,20901.125,331066,0.0419196317915629,0,0,0
"663",2019-11-01,"Pacific",-0.00178843728232834,0.037,0.047,21031.694,331213,0.0487884372823283,0,0,0
"664",2019-12-01,"Pacific",-0.00286662643331324,0.038,0.046,21023.709,331345,0.0488666264333132,0,0,0
"665",2020-01-01,"Pacific",0.00313965804206379,0.044,0.046,20997.514,331443,0.0428603419579362,1,0,0
"666",2020-02-01,"Pacific",0.00477959199064826,0.042,0.045,21065.812,331525,0.0402204080093517,1,0,0
"667",2020-03-01,"Pacific",-0.00161376579754742,0.059,0.045,20017.153,331642,0.0466137657975474,1,0,0
"668",2020-04-01,"Pacific",-0.00421009106201434,0.157,0.042,18205.46,331699,0.0462100910620143,1,0,0
"669",2020-05-01,"Pacific",0.000235931410020533,0.152,0.043,18963.824,331701,0.0427640685899795,1,0,0
"670",2020-06-01,"Pacific",0.00272672378005059,0.134,0.043,20003.128,331744,0.0402732762199494,1,0,0
"671",2020-07-01,"Pacific",0.00599377099466489,0.129,0.042,20343.438,331811,0.0360062290053351,1,1,0
"672",2020-08-01,"Pacific",0.00369455824307383,0.11,0.042,20546.906,331885,0.0383054417569262,1,1,0
"673",2020-09-01,"Pacific",-0.000158421008489464,0.094,0.041,20760.257,331966,0.0411584210084895,1,1,0
"674",2020-10-01,"Pacific",0.0021716437385826,0.083,0.041,20877.365,332041,0.0388283562614174,1,1,0
"675",2020-11-01,"Pacific",9.30016275283972e-05,0.082,0.041,20662.384,332079,0.0409069983724716,1,1,0
"676",2020-12-01,"Pacific",-0.000595155065792467,0.084,0.041,20779.743,332062,0.0415951550657925,1,1,0
"677",2021-01-01,"Pacific",0.00194471066613322,0.086,0.041,21103.554,332007,0.0390552893338668,1,1,1
"678",2021-02-01,"Pacific",0.00540490341753337,0.083,0.041,20796.996,331983,0.0355950965824666,1,1,1
"679",2021-03-01,"Pacific",0.00632724316934845,0.08,0.041,21279.419,332023,0.0346727568306515,1,1,1
"680",2021-04-01,"Pacific",0.00921549010069108,0.076,0.041,21392.051,332089,0.0317845098993089,1,1,1
"681",2021-05-01,"Pacific",0.00709406917626944,0.07,0.04,21372.924,332161,0.0329059308237306,1,1,1
"682",2021-06-01,"Pacific",0.00921151258455184,0.076,0.04,21406.61,332249,0.0307884874154482,1,1,1
"683",2021-07-01,"Pacific",0.00488586231890535,0.071,0.042,21534.529,332375,0.0371141376810947,1,1,1
"684",2021-08-01,"Pacific",0.00170975181883761,0.067,0.041,21554.189,332506,0.0392902481811624,1,1,1
"685",2021-09-01,"Pacific",0.00196463654223959,0.057,0.042,21630.124,332610,0.0400353634577604,1,1,1
"686",2021-10-01,"Pacific",0.00727530831337066,0.054,0.042,21910.79,332708,0.0347246916866293,1,1,1
"687",2021-11-01,"Pacific",0.00504712410816518,0.049,0.042,21889.444,332806,0.0369528758918348,1,1,1
"688",2021-12-01,"Pacific",0.00307616802362777,0.047,0.044,22085.674,332891,0.0409238319763722,1,1,1
"689",2022-01-01,"Pacific",0.00932252258549293,0.053,0.044,21919.366,332933,0.0346774774145071,1,1,1
"690",2022-02-01,"Pacific",0.00694246067814503,0.048,0.045,21878.75,332972,0.038057539321855,1,1,1
"691",2022-03-01,"Pacific",0.0124738873653534,0.044,0.045,21918.133,333067,0.0325261126346466,1,1,1
"692",2022-04-01,"Pacific",0.00655492723351508,0.039,0.048,21942.301,333191,0.0414450727664849,1,1,1
"693",2022-05-01,"Pacific",0.00841023737620839,0.037,0.052,21936.131,333317,0.0435897626237916,1,1,1
"694",2022-06-01,"Pacific",0.0125728817245677,0.041,0.053,21883.98,333451,0.0404271182754323,1,1,1
"695",2022-07-01,"Pacific",0.000404804784957722,0.041,0.054,21953.155,333599,0.0535951952150423,1,1,1
"696",2022-08-01,"Pacific",-0.000586316528345497,0.042,0.056,22185.761,333762,0.0565863165283455,1,1,1
"697",2022-09-01,"Pacific",0.00342907191961918,0.038,0.055,22066.351,333925,0.0515709280803808,1,1,1
"698",2022-10-01,"Pacific",0.00681000337618074,0.04,0.057,22231.955,334071,0.0501899966238193,1,1,1
"699",2022-11-01,"Pacific",-0.00467014542064034,0.041,0.059,22262.038,334206,0.0636701454206403,1,1,1
"700",2022-12-01,"Pacific",-0.00484818603886757,0.04,0.06,22259.166,334326,0.0648481860388676,1,1,1
"701",2023-01-01,"Pacific",0.0107427438999216,0.046,0.062,22415.615,334433,0.0512572561000784,1,1,1
"702",2023-02-01,"Pacific",0.00432168357760238,0.046,0.064,22354.843,334544,0.0596783164223976,1,1,1
"703",2023-03-01,"Pacific",0.00374181478016833,0.044,0.065,22444.569,334664,0.0612581852198317,1,1,1
"704",2023-04-01,"Pacific",0.00505693099396256,0.039,0.064,22439.623,334792,0.0589430690060374,1,1,1
"705",2023-05-01,"Pacific",0.00502342383021949,0.041,0.063,22571.293,334929,0.0579765761697805,1,1,1
"706",2023-06-01,"Pacific",0.00422810930504967,0.045,0.062,22612.29,335080,0.0577718906949503,1,1,1
"707",2023-07-01,"Pacific",0.00107854181147093,0.045,0.061,22692.347,335248,0.0599214581885291,1,1,1
"708",2023-08-01,"Pacific",0.00476441294771112,0.049,0.062,22827.169,335431,0.0572355870522889,1,1,1
"709",2023-09-01,"Pacific",0.00303412999102473,0.046,0.063,22828.208,335612,0.0599658700089753,1,1,1
"710",2023-10-01,"Pacific",0.000783953501263066,0.047,0.061,22801.215,335773,0.0602160464987369,1,1,1
"711",2023-11-01,"Pacific",-0.00378218417179668,0.047,0.061,22925.249,335925,0.0647821841717967,1,1,1
"712",2023-12-01,"Pacific",-0.00127875206506546,0.048,0.06,23160.058,336070,0.0612787520650655,1,1,1
"713",2024-01-01,"Pacific",0.00706997606228585,0.055,0.058,22957.423,336194,0.0509300239377141,1,1,1
"714",2024-02-01,"Pacific",0.0047223450628593,0.055,0.055,23107.433,336306,0.0502776549371407,1,1,1
"715",2024-03-01,"Pacific",0.00873221724436064,0.052,0.055,23100.549,336423,0.0462677827556394,1,1,1
"716",2024-04-01,"Pacific",0.00588276544518116,0.046,0.054,23165.934,336550,0.0481172345548188,1,1,1
"717",2024-05-01,"Pacific",0.000929540806841456,0.044,0.054,23248.626,336687,0.0530704591931586,1,1,1
"718",2024-06-01,"Pacific",-0.00183413818722136,0.051,0.052,23261.861,336839,0.0538341381872214,1,1,1
"719",2024-07-01,"Pacific",-0.00133355042293726,0.055,0.052,23385.227,337005,0.0533335504229373,1,1,1
"720",2024-08-01,"Pacific",-8.53990854533968e-05,0.055,0.05,23427.13,337185,0.0500853990854534,1,1,1
